NCO_Code,Occupation_Title,Industry_Sector,AI_Exposure_Score,Exposure_Tier,Automation_Potential_Pct,Augmentation_Potential_Pct,Avg_Monthly_Wage_INR_2019,Avg_Monthly_Wage_INR_2021,Avg_Monthly_Wage_INR_2023,Estimated_Workers_Thousands_2019,Estimated_Workers_Thousands_2021,Estimated_Workers_Thousands_2023,Net_Employment_Growth_Pct,Wage_Growth_Pct,Predicted_Growth_Pct_2027,Projected_Workers_Thousands_2025,Projected_Workers_Thousands_2027
1219,Factory Plant & Operations Managers,Manufacturing,0.44,Moderate,24,76,63641.57142857143,69629.35714285714,80418.71428571429,1343.3,1396.9,1491.0,10.995310057321523,26.36192425885148,10.4,1568.5,1646.1
2131,Computer Software Engineers,Information Technology,0.89,High,38,62,61288.5,66539.14285714286,77712.14285714286,676.3,769.6,903.8,33.63891764010055,26.79726679090344,36.01,1066.5,1229.2
2132,Web Developers & Programmers,Information Technology,0.86,High,42,58,50068.642857142855,55023.21428571428,66224.85714285714,607.3,694.5,816.0,34.36522311872222,32.2681290399894,28.18,931.0,1046.0
2133,Database Administrators & Data Architects,Information Technology,0.84,High,45,55,54372.0,59603.21428571428,70085.92857142857,795.4,899.8,1069.2,34.42293185818457,28.90077350737248,22.55,1189.8,1310.3
2134,Network Systems & Cyber Security Analysts,Information Technology,0.79,High,32,68,56766.71428571428,63708.71428571428,75153.5,665.3,762.6,908.4,36.53990680895837,32.39008271950112,33.9,1062.4,1216.3
2135,Cloud Computing Specialists & DevOps,Information Technology,0.87,High,35,65,64118.21428571428,71210.92857142857,85787.28571428571,546.4,626.8000000000001,732.0,33.96778916544657,33.79550049852115,37.82,870.4,1008.8
2139,IT Technical Support Specialists,Information Technology,0.72,Moderate,55,45,33337.28571428572,36400.42857142857,40389.28571428572,432.5,450.3,486.1,12.393063583815032,21.153491800257967,-1.3,482.9,479.8
2141,Civil Engineers & Structural Consultants,Construction,0.42,Moderate,22,78,44162.142857142855,49145.71428571428,53955.78571428572,478.3,504.2,540.8,13.067112690779831,22.17655716758052,10.97,570.5,600.1
2142,Mechanical Engineers & Designers,Manufacturing & Machinery,0.48,Moderate,26,74,45658.857142857145,50525.857142857145,55749.21428571428,518.6,541.6,573.8,10.64404165059775,22.09945183535035,11.74,607.5,641.2
2143,Electrical & Electronics Engineers,Electronics Manufacturing,0.52,Moderate,30,70,46685.42857142857,53545.71428571428,59482.5,467.6,490.5,522.8,11.804961505560303,27.41127546680212,10.6,550.5,578.2
2144,Chemical & Process Plant Engineers,Chemicals Manufacturing,0.39,Moderate,20,80,49416.28571428572,55385.21428571428,61064.78571428572,590.4,615.5,648.3,9.806910569105687,23.572188463028382,10.59,682.6,716.9
2161,Building Architects & Urban Planners,Architecture & Real Estate,0.61,Moderate,34,66,53686.357142857145,59652.21428571428,67632.5,454.9,479.2,514.5,13.10178061112333,25.977070524701,14.23,551.1,587.7
2166,Graphic Designers & Visual Illustrators,Advertising & Design,0.81,High,50,50,34852.28571428572,39169.642857142855,43271.57142857143,580.0,584.6,606.7,4.6034482758620765,24.15705467155258,13.49,647.6,688.5
2211,General Physicians & Clinicians,Healthcare Services,0.51,Moderate,14,86,73658.28571428571,82254.14285714286,97248.71428571428,515.4,540.8,579.8,12.495149398525411,32.026849854928564,29.48,665.3,750.8
2212,Surgeons & Specialized Doctors,Healthcare Services,0.34,Low,8,92,114136.07142857143,126393.85714285714,148500.0,507.2,511.6,528.5,4.199526813880128,30.107859979160207,20.69,583.2,637.9
2221,Nursing Professionals & Supervisors,Healthcare Services,0.22,Low,6,94,28532.214285714286,31975.35714285714,37135.92857142857,602.8,622.9,639.7,6.121433311214348,30.154386896014785,11.72,677.2,714.6
2261,Dentists & Oral Care Specialists,Healthcare Services,0.28,Low,10,90,49868.07142857143,54240.857142857145,64785.42857142857,445.2,456.0,470.2,5.615453728661276,29.91364357096511,12.48,499.6,528.9
2262,Pharmacists & Drug Dispensers,Retail Pharmacy & Pharma,0.56,Moderate,36,64,25789.285714285717,28812.571428571428,33729.71428571428,435.9,460.0,493.1,13.122275751319108,30.789641323916342,6.98,510.3,527.5
2310,University Professors & Lecturers,Higher Education,0.49,Moderate,18,82,53564.92857142857,60296.92857142857,67848.14285714286,532.8,561.0,597.9,12.218468468468474,26.665235381893,22.62,665.5,733.1
2320,Vocational & Technical Instructors,Skill Education,0.38,Moderate,15,85,35052.78571428572,38933.28571428572,43523.78571428572,488.4,511.0,549.4,12.48976248976249,24.16641025066277,15.83,592.9,636.4
2330,Secondary School Teachers,Primary & Secondary Education,0.36,Moderate,14,86,30316.0,34418.857142857145,39430.5,469.5,493.1,524.3,11.67199148029818,30.06498218762369,15.16,564.0,603.8
2341,Primary School & Kindergarten Teachers,Basic Education,0.21,Low,8,92,22850.285714285717,25175.0,28367.285714285717,496.8,506.4,521.0,4.871175523349434,24.14411823547064,8.28,542.6,564.1
2411,Chartered Accountants & Financial Auditors,Financial Services,0.82,High,44,56,55969.07142857143,62471.21428571428,72001.78571428571,426.0,483.7,566.8,33.05164319248825,28.645667824193715,21.88,628.8,690.8
2412,Investment Analysts & Wealth Managers,Financial Services,0.85,High,40,60,66986.71428571429,74965.28571428571,87680.42857142857,504.4,576.5,677.0,34.218873909595565,30.89226648354576,29.71,777.6,878.1
2413,Credit Underwriters & Loan Officers,Banking & Financial Services,0.78,High,62,38,39327.92857142857,43012.78571428572,48207.142857142855,528.2,500.3,457.5,-13.385081408557372,22.57737594693701,-4.26,447.8,438.0
2414,Actuaries & Risk Consultants,Insurance & Finance,0.83,High,38,62,71940.71428571429,80418.64285714286,94909.5,421.6,480.0,561.7,33.230550284629985,31.927380680520663,30.28,646.7,731.8
2641,Content Writers & Copywriters,Media & Publishing,0.88,High,64,36,29061.42857142857,32650.571428571428,32954.142857142855,436.2,407.8,372.1,-14.695093993580931,13.394779531042609,2.81,377.3,382.6
2642,"Translators, Interpreters & Subtitlers",Media & Language Services,0.92,High,74,26,26833.285714285717,29492.214285714286,29635.571428571428,445.9,417.1,385.0,-13.657770800627938,10.44331933153386,-5.77,373.9,362.8
2643,Video Editors & Post-Production Artists,Media & Film,0.68,Moderate,38,62,36528.642857142855,40452.0,45470.21428571428,415.8,435.6,463.4,11.44781144781144,24.47824701164057,15.96,500.4,537.3
2651,Digital Marketing & SEO Strategists,Advertising & Marketing,0.79,High,46,54,37245.42857142857,41476.92857142857,50030.21428571428,518.2,524.1,547.7,5.692782709378618,34.32578494772128,16.54,593.0,638.3
3118,CAD Draughtspersons & Blueprint Designers,Engineering Services,0.77,High,60,40,27058.0,29833.285714285717,32009.35714285714,498.1,510.0,521.2,4.637622967275652,18.29905071645037,-2.73,514.1,507.0
3122,Manufacturing Quality Control Inspectors,Manufacturing,0.64,Moderate,46,54,28962.5,32298.571428571428,36606.0,1518.5,1577.5,1679.4,10.59598287783998,26.391022874406563,2.22,1698.0,1716.6
3211,Medical Imaging & Diagnostic Technicians,Diagnostics & Healthcare,0.65,Moderate,42,58,24866.0,27643.714285714286,33435.0,459.6,483.7,513.1,11.640557006092251,34.46070940239685,8.13,534.0,554.8
3431,Administrative Secretaries & Assistants,Professional Services,0.75,Moderate,58,42,28724.5,31943.571428571428,35588.28571428572,457.7,482.5,518.0,13.17456849464715,23.895231298319267,-2.16,512.4,506.8
3432,Legal Assistants & Paralegals,Legal Services,0.8,High,45,55,36449.42857142857,40225.71428571428,46083.71428571428,446.2,505.6,594.2,33.16898251904977,26.4319252506408,18.73,649.9,705.5
4111,Data Entry Keyers & Typists,Administrative & Support,0.95,High,82,18,18231.5,20308.0,19944.0,1372.4,1287.1,1159.4,-15.520256484989796,9.393083399610564,-12.82,1085.1,1010.7
4112,General Office Clerks & Filing Clerks,Administrative & Support,0.89,High,76,24,19232.42857142857,21099.35714285714,21457.42857142857,910.5,862.1,784.5,-13.838550247116968,11.569001760419528,-11.11,740.9,697.3
4121,Bookkeepers & Accounting Clerks,Financial Services,0.91,High,75,25,23152.071428571428,25380.214285714286,25237.5,516.5,477.2,440.3,-14.753146176185863,9.007524781799845,-7.96,422.8,405.2
4211,Bank Tellers & Cash Handling Clerks,Banking,0.88,High,72,28,26754.42857142857,29701.571428571428,29891.85714285714,486.0,448.5,411.2,-15.390946502057616,11.726763526465568,-7.11,396.6,382.0
4222,Telesales Agents & Inbound Customer Care,BPO & ITES,0.84,High,65,35,21663.35714285714,24151.42857142857,25164.714285714286,437.0,409.6,376.2,-13.913043478260873,16.16257867960052,-2.25,372.0,367.7
4223,Chatbot Escalation & Support Executives,BPO & ITES,0.76,Moderate,48,52,24717.0,27428.35714285714,32137.0,405.9,429.4,455.7,12.269031781226891,30.019824412347777,11.19,481.2,506.7
7112,Building Masons & Concrete Finishers,Construction,0.08,Low,4,96,16391.5,18509.64285714286,21187.5,371.9,378.2,389.7,4.786232858295244,29.259067199463136,0.83,391.3,392.9
7126,Plumbers & Pipe Fitters,Maintenance & Construction,0.1,Low,5,95,18546.071428571428,20713.071428571428,23642.64285714286,468.1,477.0,491.0,4.892117069002345,27.480598509503373,1.5,494.7,498.4
7231,Automobile Mechanics & Servicing Technicians,Automotive Services,0.17,Low,7,93,19488.214285714286,22117.714285714286,25198.0,382.0,391.5,404.6,5.916230366492138,29.298660362490143,5.7,416.1,427.7
7411,Building Electricians & Wiremen,Maintenance & Utilities,0.14,Low,6,94,20752.42857142857,23048.14285714286,26935.785714285717,489.3,496.9,520.8,6.4377682403433365,29.79582424088057,4.08,531.4,542.0
8321,Passenger Bus & Light Vehicle Drivers,Transportation,0.13,Low,11,89,17271.5,19004.35714285714,21621.785714285717,509.9,519.6,541.1,6.118846832712306,25.18765431077621,-3.08,532.8,524.4
8322,Heavy Commercial Truck Drivers,Logistics & Freight,0.11,Low,10,90,19199.714285714286,21275.0,23981.14285714286,449.8,459.5,471.0,4.713205869275231,24.903644399470235,-3.75,462.2,453.4
9111,Agricultural Crop Laborers & Field Hands,Agriculture,0.05,Low,4,96,9867.0,10916.5,12901.214285714286,1799.7,1837.4,1897.2,5.4175695949324885,30.751132925045976,-2.04,1877.9,1858.6
9333,Warehouse Freight Handlers & Loaders,Warehousing & Supply Chain,0.16,Low,12,88,14955.07142857143,16714.85714285714,18671.785714285717,467.1,473.2,491.6,5.24512952258617,24.852534496181413,-1.45,488.0,484.5
